,Company name,CEO
0,CONG TY TNHH SAMSUNG ELECTRONICS VIET NAM THAI NGUYEN ,['>Kim Dongwook<']
1,TAP DOAN DIEN LUC VIET NAM ,['>Trần Đ&#236;nh Nh&#226;n<']
2,TAP DOAN DAU KHI VIET NAM ,['>L&#234; Mạnh H&#249;ng<']
3,TAP DOAN CONG NGHIEP  VIEN THONG QUAN DOI ,['>L&#234; Đăng Dũng<']
4,TAP DOAN VINGROUP  CTCP ,['>Nguyễn Việt Quang<']
5,NGAN HANG NONG NGHIEP VA PHAT TRIEN NONG THON VIET NAM ,['>Tiết Văn Th&#224;nh<']
6,TAP DOAN XANG DAU VIET NAM ,['>Phạm Đức Thắng<']
7,NGAN HANG TMCP DAU TU VA PHAT TRIEN VIET NAM ,['>L&#234; Ngọc L&#226;m<']
8,CONG TY CP DAU TU THE GIOI DI DONG ,['>Trần Kinh Doanh<']
9,TAP DOAN CONG NGHIEP THAN  KHOANG SAN VIET NAM ,['>Đặng Thanh Hải<']
10,CONG TY CP TAP DOAN VANG BAC DA QUY DOJI ,['>Đỗ Minh Đức<']
11,NGAN HANG TMCP CONG THUONG VIET NAM ,['>Trần Minh B&#236;nh<']
12,CONG TY CP TAP DOAN HOA PHAT ,['>Nguyễn Việt Thắng<']
13,NGAN HANG TMCP NGOAI THUONG VIET NAM ,['>Phạm Quang Dũng<']
14,CONG TY CP TAP DOAN MASAN  ,['>Danny L&#234;<']
15,CONG TY CP CHAN NUOI CP VIET NAM ,['>Montri Suwanposri<']
16,TONG CONG TY KHI VIET NAM  CTCP ,['>Ho&#224;ng Văn Quang <']
17,CONG TY CP OTO TRUONG HAI  ,['>Nguyễn H&#249;ng Minh<']
18,NGAN HANG TMCP VIET NAM THINH VUONG ,['>Nguyễn Đức Vinh<']
19,CONG TY CP SUA VIET NAM ,['>Mai Kiều Li&#234;n<']
20,TAP DOAN BUU CHINH VIEN THONG VIET NAM ,['>Phạm Đức Long<']
21,NGAN HANG TMCP SAI GON ,['>Trương Kh&#225;nh Ho&#224;ng <']
22,NGAN HANG TMCP QUAN DOI ,['>Lưu Trung Th&#225;i<']
23,TAP DOAN BAO VIET ,['>Nguyễn Quang Phi<']
24,CONG TY CP TAP DOAN THANH CONG ,['>Nguyễn Anh Tuấn<']
25,TONG CONG TY HANG KHONG VIET NAM  CTCP ,['>L&#234; Hồng H&#224;<']
26,TONG CONG TY DICH VU VIEN THONG ,['>Nguyễn Trường Giang<']
27,NGAN HANG TMCP KY THUONG VIET NAM  ,['>Jens Lottner<']
28,NGAN HANG TMCP SAI GON THUONG TIN ,['>Nguyễn Đức Thạch Diễm<']
29,TONG CONG TY PHAT DIEN 3  CTCP ,['>L&#234; Văn Danh<']
30,TONG CONG TY PHAT DIEN 1 ,['>Nguyễn Khắc Sơn<']
31,CONG TY TNHH INTEL PRODUCTS VIET NAM ,['>Ooi Kim Huat<']
32,CONG TY CP TAP DOAN INTIMEX ,['>Đỗ H&#224; Nam<']
33,NGAN HANG TMCP A CHAU ,['>Đỗ Minh To&#224;n<']
34,TONG CONG TY BAO VIET NHAN THO ,['>Phạm Ngọc Sơn<']
35,CONG TY TNHH BAO HIEM NHAN THO PRUDENTIAL VIET NAM ,['>Phương Tiến Minh<']
36,NGAN HANG TMCP SAI GON  HA NOI ,['>Nguyễn Văn L&#234;<']
37,LIEN HIEP HOP TAC XA THUONG MAI TP HO CHI MINH COOP MART ,['>Nguyễn Anh Đức<']
38,CONG TY TNHH QUOC TE UNILEVER VIET NAM ,['>JV Raman<']
39,TONG CONG TY VIEN THONG MOBIFONE ,['>T&#244; Mạnh Cường<']
40,TONG CONG TY THEP VIET NAM  CTCP ,['>Nguyễn Đ&#236;nh Ph&#250;c<']
41,CONG TY CP FPT ,['>Nguyễn Văn Khoa<']
42,TONG CONG TY DIEN LUC DAU KHI VIET NAM  CTCP ,['>Nguyễn Xu&#226;n H&#242;a<']
43,TONG CONG TY CP BIA RUOU NUOC GIAI KHAT SAI GON  ,['>Neo Gim Siong Bennett<']
44,TONG CONG TY XI MANG VIET NAM ,['>B&#249;i Hồng Minh<']
45,CONG TY CP TAP DOAN HOA SEN ,['>Trần Quốc Tr&#237; <']
46,TONG CONG TY PHAT DIEN 2  CTCP ,['>Ng&#244; Việt Hải<']
47,LIEN DOANH VIET  NGA VIETSOVPETRO ,['>Nguyễn Quỳnh L&#226;m<']
48,TAP DOAN CONG NGHIEP CAO SU VIET NAM  CTCP ,['>Huỳnh Văn Bảo<']
49,NGAN HANG TMCP PHAT TRIEN TP HO CHI MINH ,['>Phạm Quốc Thanh<']
50,CONG TY TNHH MTV VANG BAC DA QUY SAI GON  SJC ,['>L&#234; Th&#250;y Hằng<']
51,CONG TY CP HANG TIEU DUNG MASAN MASAN CONSUMER ,['>Trương C&#244;ng Thắng<']
52,CONG TY TNHH MTV TONG CONG TY TAN CANG SAI GON ,['>Ng&#244; Minh Thuấn<']
53,TONG CONG TY BUU DIEN VIET NAM ,['>Chu Quang H&#224;o<']
54,CONG TY TNHH ZUELLIG PHARMA VIET NAM ,['>Charles Antoine Gloor<']
55,TONG CONG TY CP DICH VU KY THUAT DAU KHI VIET NAM ,['>L&#234; Mạnh Cường<']
56,CONG TY CP HANG KHONG VIETJET ,['>Nguyễn Thị Phương Thảo<']
57,NGAN HANG TMCP QUOC TE VIET NAM ,['>H&#224;n Ngọc Vũ<']
58,TONG CONG TY CP DAU TU QUOC TE VIETTEL ,['>Nguyễn Duy Thọ<']
59,CONG TY CP TAP DOAN HOA BINH MINH ,['>B&#249;i Minh Lực<']
60,CONG TY TNHH ONG THEP HOA PHAT ,['>Nguyễn Mạnh Tuấn<']
61,CONG TY TNHH NUOC GIAI KHAT SUNTORY PEPSICO VIET NAM ,['>Uday Shankar Sinha<']
62,TONG CONG TY THUOC LA VIET NAM ,['>Trần Sơn Ch&#226;u<']
63,NGAN HANG TMCP BUU DIEN LIEN VIET ,['>Phạm Do&#227;n Sơn<']
64,CONG TY CP TAP DOAN FLC ,['>Hương Trần Kiều Dung<']
65,CONG TY CP TAP DOAN GELEX ,['>Nguyễn Văn Tuấn<']
66,TONG CONG TY DONG BAC ,['>Phạm Ngọc Tuyển<']
67,NGAN HANG TMCP TIEN PHONG ,['>Nguyễn Hưng<']
68,CONG TY TAI CHINH TNHH NGAN HANG VIET NAM THINH VUONG SMBC ,['>Kalidas Ghose<']
69,TONG CONG TY TRUYEN TAI DIEN QUOC GIA ,['>Nguyễn Mạnh H&#249;ng<']
70,CONG TY CP STAVIAN HOA CHAT ,['>Nguyễn Minh T&#250;<']
71,TAP DOAN CENTRAL RETAIL VIET NAM ,['>Olivier Langlet<']
72,CONG TY CP VANG BAC DA QUY PHU NHUAN ,['>L&#234; Tr&#237; Th&#244;ng<']
73,CONG TY CP GIAI PHAP THANH TOAN VIET NAM ,['>L&#234; T&#225;nh<']
74,CONG TY TNHH OLAM VIET NAM ,['>Amit Verma<']
75,TONG CONG TY CP BUU CHINH VIETTEL ,['>Trần Trung Hưng<']
76,CONG TY CP MASAN MEATLIFE ,['>Phạm Trung L&#226;m<']
77,CONG TY TNHH BAO HIEM NHAN THO DAIICHI VIET NAM ,['>Trần Đ&#236;nh Qu&#226;n<']
78,CONG TY CP TAP DOAN THEP NGUYEN MINH ,['>Nguyễn Minh Huy<']
79,CONG TY CP TAP DOAN VAS NGHI SON ,['>Nguyễn Bảo Giang<']
80,CONG TY TNHH CALOFIC ,['>Vũ Văn Ph&#250;<']
81,CONG TY CP DICH VU TONG HOP SAI GON ,['>Phan Dương Cửu Long<']
82,CONG TY TNHH CJ VINA AGRI ,['>Nam Ki Don<']
83,CONG TY CP DAU TU THUONG MAI SMC ,['>Nguyễn Thị Ngọc Loan<']
84,CONG TY TNHH BAO HIEM NHAN THO AIA VIET NAM ,['>Wayne Besant<']
85,CONG TY CP THANH THANH CONG  BIEN HOA ,['>&#212;ng Nguyễn Thanh Ngữ<']
86,CONG TY TNHH CARGILL VIET NAM ,['>Jorge Becerra <']
87,CONG TY CP HYUNDAI THANH CONG VIET NAM ,['>Trần Hữu Ph&#250;<']
88,CONG TY CP DUOC LIEU TRUNG UONG 2  ,['>Nguyễn C&#244;ng Chiến<']
89,TONG CONG TY LUONG THUC MIEN BAC ,['>B&#249;i Thị Thanh T&#226;m<']
90,CONG TY CP BAN LE KY THUAT SO FPT ,['>Ho&#224;ng Trung Ki&#234;n<']
91,CONG TY CP XAY DUNG COTECCONS ,['>N.A<']
92,CONG TY TNHH HAI LINH ,['>L&#234; Văn T&#225;m<']
93,CONG TY TNHH YAMAHA MOTOR VIET NAM ,['>Masaki Asano <']
94,CONG TY CP TAP DOAN THUY SAN MINH PHU ,['>L&#234; Văn Quang<']
95,TAP DOAN DET MAY VIET NAM  ,['>L&#234; Tiến Trường<']
96,NGAN HANG TMCP PHUONG DONG ,['>Nguyễn Đ&#236;nh T&#249;ng<']
97,CONG TY TNHH DE HEUS ,['>Gabor Fluit<']
98,CONG TY TNHH MM MEGA MARKET VIET NAM ,['>Bruno Jousselin<']
99,CONG TY TNHH JAPFA COMFEED VIET NAM ,['>Arif Widjaja<']
100,TONG CONG TY CP DICH VU TONG HOP DAU KHI ,['>Vũ Tiến Dương<']
101,TONG CONG TY VAT TU NONG NGHIEP ,['>Nguyễn Tất Thắng<']
102,NGAN HANG TMCP HANG HAI VIET NAM  ,['>Nguyễn Ho&#224;ng Linh<']
103,CONG TY CP TAP DOAN SAO MAI ,['>L&#234; Thanh Thuấn<']
104,CONG TY CP THE GIOI SO  ,['>Đo&#224;n Hồng Việt<']
105,NGAN HANG TMCP DONG NAM A ,['>L&#234; Thu Thủy<']
106,NGAN HANG TMCP DAI CHUNG VIET NAM ,['>Nguyễn Ho&#224;ng Nam<']
107,NGAN HANG TMCP XUAT NHAP KHAU VIET NAM ,['>Nguyễn Quốc Hương<']
108,CONG TY TNHH DIEN LUC AES MONG DUONG ,['>David Stone<']
109,CONG TY CP THUONG MAI THAI HUNG  ,['>Nguyễn Thị Vinh<']
110,CONG TY TNHH THUONG MAI VA DUOC PHAM SANG ,['>L&#234; Quỳnh Li&#234;n<']
111,CONG TY CP TON DONG A ,['>Nguyễn Thanh Trung<']
112,CONG TY CP VIEN THONG FPT ,['>Ho&#224;ng Việt Anh<']
113,CONG TY CP ACECOOK VIET NAM  ,['>Kajiwara Junichi<']
114,TONG CONG TY BAO HIEM BAO VIET ,['>Nguyễn Xu&#226;n Việt<']
115,CONG TY CP TAP DOAN DAU TU DIA OC NO VA ,['> B&#249;i Xu&#226;n Huy<']
116,CONG TY CP THEP NAM KIM ,['>V&#245; Ho&#224;ng Vũ <']
117,CONG TY CP TAP DOAN XAY DUNG HOA BINH ,['>L&#234; Viết Hiếu<']
118,CONG TY TNHH NHA NUOC MTV THUONG MAI VA XUAT NHAP KHAU VIETTEL  ,['>Phạm Văn H&#249;ng<']
119,CONG TY CP VIET  PHAP SAN XUAT THUC AN GIA SUC PROCONCO ,['>Nguyễn Thị Lệ Hồng<']
120,TONG CONG TY HANG HAI VIET NAM  CTCP ,['>Nguyễn Cảnh Tĩnh<']
121,CONG TY TNHH UNIPRESIDENT VIET NAM  ,['>Chen I Shen<']
122,CONG TY CP DAY CAP DIEN VIET NAM ,['>L&#234; Quang Định<']
123,CONG TY CP GREENFEED VIET NAM ,['>Đỗ Cao Bằng<']
124,TONG CONG TY THUONG MAI XUAT NHAP KHAU THANH LE  CTCP ,['>Đo&#224;n Minh Quang<']
125,CONG TY CP TAP DOAN TT ,['>Đỗ Quang Hiển<']
126,CONG TY CP TAP DOAN DABACO VIET NAM ,['>Nguyễn Khắc Thảo<']
127,TONG CONG TY THUONG MAI SAI GON  TNHH MTV ,['>L&#234; Minh Trang<']
128,NGAN HANG TMCP BAC A ,['>Th&#225;i Hương<']
129,TONG CONG TY CANG HANG KHONG VIET NAM  CTCP ,['>Vũ Thế Phiệt<']
130,CONG TY CP THEP POMINA ,['>Đỗ Văn Kh&#225;nh<']
131,CONG TY CP PVI ,['>B&#249;i Vạn Thuận<']
132,CONG TY CP THUC PHAM SUA TH ,['>Rami Hamad<']
133,NGAN HANG TMCP NAM A ,['>Trần Ngọc T&#226;m<']
134,CONG TY TNHH TAP DOAN BIM ,['>Đo&#224;n Quốc Huy<']
135,CONG TY CP SAN XUAT THEP VINA ONE ,['>Huỳnh Nghĩa Thiện<']
136,TONG CONG TY VIGLACERA  CTCP ,['>Nguyễn Anh Tuấn<']
137,CONG TY CP GANG THEP THAI NGUYEN  ,['>Nguyễn Minh Hạnh<']
138,CONG TY CP CANG RAU QUA ,['>Đặng Như B&#236;nh<']
139,CONG TY CP DAIKIN AIR CONDITIONING VIETNAM ,['>L&#253; Thị Phương Trang<']
140,CONG TY CP MASAN HIGHTECH MATERIALS ,['>Craig Richard Bradshaw<']
141,CONG TY TNHH THUONG MAI VA DICH VU PHAT TIEN ,['>Hồ Minh Tr&#237;<']
142,TONG CONG TY BAO HIEM PVI ,['>Phạm Anh Đức<']
143,CONG TY CP DET TEXHONG NHON TRACH ,['>Zhou Bo Qin<']
144,CONG TY CP TAP DOAN PAN ,['>Nguyễn Tr&#224; My<']
145,CONG TY CP THEP TVP ,['>Ninh Thị B&#237;ch Th&#249;y<']
146,CONG TY CP TAP DOAN AN PHAT HOLDINGS ,['>Đinh Xu&#226;n Cường <']
147,CONG TY CP VINCOM RETAIL ,['>Trần Mai Hoa<']
148,CONG TY TNHH MTV DICH VU CO KHI HANG HAI PTSC ,['>Đồng Xu&#226;n Thắng<']
149,TONG CONG TY CP XUAT NHAP KHAU VA XAY DUNG VIET NAM ,['>Nguyễn Xu&#226;n Đ&#244;ng<']
150,CONG TY CP TAP DOAN KIDO ,['>Trần Lệ Nguy&#234;n<']
151,CONG TY CP MEDIAMART VIET NAM ,['>L&#234; Quang Vũ<']
152,CONG TY TNHH HAO HUNG ,['>Thang Văn H&#243;a<']
153,TAP DOAN GELEXIMCO  CTCP ,['>Vũ Văn Tiền<']
154,CONG TY CP XI MANG HA TIEN 1 ,['>Lưu Đ&#236;nh Cường<']
155,CONG TY CP DAU TU THAI BINH ,['>Nguyễn Đức Thuấn <']
156,CONG TY CP DICH VU PHAN PHOI TONG HOP DAU KHI ,['>Vũ Tiến Dương<']
157,NGAN HANG TMCP AN BINH ,['>L&#234; Hải<']
158,TONG CONG TY PHAN BON VA HOA CHAT DAU KHI  CTCP ,['>L&#234; Cự T&#226;n<']
159,CONG TY TNHH DENSO VIET NAM  ,['>Mitsuo Ota<']
160,CONG TY TNHH DICH VU VA THUONG MAI MESA  ,['>Lưu Tuyết Mai<']
161,CONG TY CP TAP DOAN DAU TU XAY DUNG RICONS ,['>Trần Quang Qu&#226;n<']
162,TONG CONG TY CP BIA  RUOU  NUOC GIAI KHAT HA NOI ,['>Ng&#244; Quế L&#226;m<']
163,TONG CONG TY DAU TU VA KINH DOANH VON NHA NUOCCONG TY TNHH ,['>Nguyễn Ch&#237; Th&#224;nh<']
164,NGAN HANG TNHH MTV SHINHAN VIET NAM ,['>Shin Dong Min<']
165,CONG TY CP PHAN BON DAU KHI CA MAU ,['>Văn Tiến Thanh<']
166,CONG TY CP TAP DOAN LOC TROI ,['>Nguyễn Duy Thuận<']
167,TONG CONG TY CP VAN TAI DAU KHI ,['>Phạm Việt Anh<']
168,CONG TY CP NHUA AN PHAT XANH ,['>Đinh Xu&#226;n Cường<']
169,CONG TY CP TONG CONG TY TIN NGHIA ,['>Nguyễn Văn Hồng <']
170,CONG TY CP PHAN PHOI KHI THAP AP DAU KHI VIET NAM ,['>Trần Thanh Nam<']
171,CONG TY CP VINH HOAN ,['>Nguyễn Ng&#244; Vi T&#226;m<']
172,CONG TY CP HUU HAN VEDAN VIET NAM ,['>Yang Kun Hsiang<']
173,CONG TY TNHH AEON VIET NAM ,['>Yasuo Nishitohge<']
174,CONG TY CP GIAO HANG TIET KIEM ,['>Phạm Hồng Qu&#226;n<']
175,TONG CONG TY CP MAY VIET TIEN ,['>B&#249;i Văn Tiến<']
176,TONG CONG TY XAY DUNG SO 1  CTCP ,['>L&#234; Hữu Việt Đức<']
177,CONG TY TNHH FRIESLANDCAMPINA VIET NAM ,['>Berend van Wel<']
178,CONG TY CP HIM LAM ,['>Dương C&#244;ng H&#249;ng<']
179,CONG TY CP THUY SAN SOC TRANG ,['>Trần Văn Phẩm<']
180,TONG CONG TY KHANH VIET ,['>L&#234; Tiến Anh<']
181,CONG TY CP DAU TU HA TANG KY THUAT TP HO CHI MINH ,['>L&#234; Quốc B&#236;nh<']
182,TONG CONG TY DAU TU VA PHAT TRIEN CONG NGHIEP  CTCP ,['>Phạm Ngọc Thuận<']
183,CONG TY CP XAY LAP DIEN I ,['>Trịnh Văn Tuấn<']
184,CONG TY TNHH DAU TU SAN XUAT THUONG MAI DICH VU PHAN MINH ,['>Phan H&#249;ng Minh<']
185,CONG TY CP DUONG QUANG NGAI ,['>V&#245; Th&#224;nh Đ&#224;ng<']
186,CONG TY CP ONG THEP VIET  DUC VG PIPE ,['>Nguyễn Hữu Thể<']
187,CONG TY TNHH KIMBERLY CLARK VIET NAM ,['>Kate Good Man<']
188,CONG TY TNHH FURUKAWA AUTOMOTIVE PARTS VIETNAM ,['>Morishima Takao<']
189,TONG CONG TY DAU TU PHAT TRIEN NHA VA DO THI HUD ,['>Nguyễn Đức H&#249;ng<']
190,CONG TY CP DAU TU VA PHAT TRIEN DA QUOC GIA IDI ,['>L&#234; Văn Chung<']
191,TONG CONG TY CP CONG TRINH VIETTEL ,['>Phạm Đ&#236;nh Trường<']
192,NGAN HANG TMCP QUOC DAN ,['>Phạm Thế Hiệp<']
193,NGAN HANG TMCP VIET A ,['>Nguyễn Văn Trọng<']
194,TONG CONG TY SONG DA  CTCP ,['>Hồ Văn Dũng<']
195,CONG TY CP VNG ,['>L&#234; Hồng Minh<']
196,CONG TY TNHH EXPEDITORS VIET NAM ,['>Michael Joseph Mooney<']
197,NGAN HANG TMCP VIET NAM THUONG TIN ,['>L&#234; Huy Dũng<']
198,CONG TY TNHH THUONG MAI VHC SIEU THI DIEN MAY HC ,['>Nguyễn Ho&#224;ng Hải<']
199,CONG TY CP TETRA PAK VIET NAM ,['>Fehmi Nejat Caliskan<']
200,TONG CONG TY LAP MAY VIET NAMCONG TY TNHH MTV ,['>L&#234; Văn Tuấn<']
201,CONG TY CP KIM LOAI MAU VA NHUA DONG VIET ,['>Chinawat Assavapokee<']
202,CONG TY CP DIEN LUC DAU KHI NHON TRACH 2 ,['> Ng&#244; Đức Nh&#226;n<']
203,TONG CONG TY CAP NUOC SAI GON  TNHH MTV ,['>Hồ Văn L&#226;m<']
204,CONG TY TNHH THUC PHAM ORION VINA ,['>Kang Weon Kee<']
205,CONG TY CP XI MANG XUAN THANH ,['>Nguyễn Xu&#226;n Thủy <']
206,CONG TY CP CO DIEN LANH ,['>Huỳnh Thanh Hải<']
207,CONG TY CP DAU TU THANH THANH CONG ,['>Huỳnh B&#237;ch Ngọc<']
208,CONG TY CP CITY AUTO ,['>Trần Ngọc D&#226;n<']
209,CONG TY CP THUONG MAI KIEN GIANG ,['>Phạm Văn Ho&#224;ng<']
210,CONG TY CP DAU TU SAI GON VRG ,['>Trần Mạnh H&#249;ng<']
211,CONG TY CP VICOSTONE ,['>Phạm Anh Tuấn<']
212,TONG CONG TY CO KHI GIAO THONG VAN TAI SAI GON  TNHH MTV ,['>Trần Quốc Toản<']
213,TONG CONG TY HOA DAU PETROLIMEX  CTCP ,['>L&#234; Quang Tuấn<']
214,CONG TY CP HOA DAU QUAN DOI MIPEC ,['>Dư Cao Sơn<']
215,CONG TY CP DAI TAN VIET ,['>Didier Lachize<']
216,CONG TY CP PHU TAI ,['>L&#234; Văn Thảo<']
217,CONG TY LIEN DOANH SAN XUAT THEP VINAUSTEEL ,['>Trần Tuấn Anh<']
218,CONG TY TNHH THUONG MAI KHATOCO ,['>Nguyễn Đ&#236;nh Thạch<']
219,CONG TY CP DICH VU O TO HANG XANH ,['>Nguyễn Thị Ngọc B&#237;ch<']
220,CONG TY CP QUOC TE SON HA ,['>L&#234; Ho&#224;ng H&#224;<']
221,CONG TY TNHH DAU TU XAY DUNG UNICONS ,['>V&#245; Ho&#224;ng L&#226;m<']
222,CONG TY CP PHAN BON BINH DIEN ,['>Ng&#244; Văn Đ&#244;ng<']
223,TONG CONG TY CP KHOAN VA DICH VU KHOAN DAU KHI ,['>Nguyễn Xu&#226;n Cường<']
224,CONG TY TNHH SIAM CITY CEMENT VIETNAM INSEE ,['>Philippe Bernard Richart<']
225,TONG CONG TY DUOC VIET NAM  CTCP ,['>Đinh Xu&#226;n Hấn<']
226,CONG TY CP DAU THUC VAT TUONG AN ,['>B&#249;i Thanh T&#249;ng<']
227,CONG TY TNHH URC VIET NAM ,['>Mr.Jean-Pierre “Jai” Gamboa<']
228,CONG TY CP TAP DOAN ECOPARK ,['>Trần Quốc Việt<']
229,CONG TY TNHH MTV HERBALIFE VIET NAM ,['>Vũ Văn Thắng<']
230,TONG CONG TY CP PHAT TRIEN KHU CONG NGHIEP ,['>Trần Thanh Hải<']
231,CONG TY CP TAP DOAN CONG NGHE CMC ,['>Nguyễn Trung Ch&#237;nh <']
232,CONG TY CP GIAO NHAN VA VAN CHUYEN IN DO TRAN ,['>Trần Tuấn Anh<']
233,CONG TY CP THUONG MAI XUAT NHAP KHAU THIEN NAM ,['>Vương Quang Diệu <']
234,CONG TY CP VIET NAM KY NGHE SUC SAN VISSAN ,['>Nguyễn Ngọc An<']
235,CONG TY CP SAN XUAT NHUA DUY TAN ,['>Trần Duy Hy<']
236,CONG TY CP TAP DOAN KIM TIN ,['>Nguyễn Tiến Hải<']
237,CONG TY TNHH XUAT NHAP KHAU CA PHE MINH TIEN ,['>Nguyễn Thị Hồng Minh<']
238,CONG TY TNHH TAP DOAN XAY DUNG DELTA ,['>Trần Th&#224;nh Vinh<']
239,CONG TY CP KINH DOANH KHI  MIEN NAM ,['>Nguyễn Ngọc Luận<']
240,CONG TY CP XAY DUNG CENTRAL ,['>Trần Quang Tuấn<']
241,CONG TY CP THEP VA THUONG MAI HA NOI ,['>Đ&#224;o Quang Tiến<']
242,NGAN HANG TNHH MTV HSBC VIET NAM ,['>Sumit Dutta<']
243,CONG TY CP TAP DOAN HA DO ,['>Nguyễn Trọng Th&#244;ng<']
244,CONG TY CP GIAO NHAN TOAN CAU DHL VIET NAM ,['>Cl&#233;ment Marie Blanc<']
245,CONG TY CP XUAT NHAP KHAU NHAT THANH ,['>Nguyễn Thọ Anh<']
246,CONG TY CP NONG SAN THUC PHAM QUANG NGAI  ,['>V&#245; Văn Danh<']
247,CONG TY CP THUONG MAI THANH THANH CONG ,['>Phan Vũ H&#249;ng<']
248,TONG CONG TY CP BAO HIEM BUU DIEN ,['>B&#249;i Xu&#226;n Thu<']
249,CONG TY TNHH LE LONG VIET NAM ,['>Lee Jui Chun<']
250,CONG TY CP BONG DEN PHICH NUOC RANG DONG ,['>Nguyễn Đo&#224;n Thăng<']
251,CONG TY TNHH HE THONG THONG TIN FPT FPT IS ,['>Nguyễn Ho&#224;ng Minh<']
252,TONG CONG TY CONG NGHIEP MO VIET BAC TKV  CTCP ,['>B&#249;i Trần Đ&#244;ng<']
253,CONG TY TON PHUONG NAM ,['>L&#234; Việt<']
254,CONG TY CP CO KHI XAY DUNG THUONG MAI DAI DUNG ,['>Trịnh Tiến Dũng<']
255,CONG TY CP CONG NGHIEP CAO SU MIEN NAM ,['>Phạm Hồng Ph&#250;<']
256,CONG TY TNHH TRUNG THANH THAI NGUYEN ,['>Nguyễn Văn Tốt<']
257,TAP DOAN TRUNG NGUYEN LEGEND ,['>Đặng L&#234; Nguy&#234;n Vũ<']
258,CONG TY TNHH BAO HIEM NHAN THO CHUBB VIET NAM ,['>L&#226;m Hải Tuấn<']
259,CONG TY CP NHUA BINH MINH ,['>Nguyễn Ho&#224;ng Ng&#226;n<']
260,CONG TY TNHH MTV XI MANG VICEM HOANG THACH ,['>L&#234; Xu&#226;n Kh&#244;i<']
261,TONG CONG TY IDICO  CTCP ,['>Đặng Ch&#237;nh Trung<']
262,CONG TY CP CAP DIEN THINH PHAT ,['>Kosit Pugasab<']
263,CONG TY CP DAU TU DICH VU TAI CHINH HOANG HUY  ,['>Trần Thị Ho&#224;ng H&#224;<']
264,CONG TY CP DAU TU XAY DUNG NEWTECONS  ,['>Trần Kim Long<']
265,NGAN HANG TMCP BAN VIET ,['>Ng&#244; Quang Trung<']
266,CONG TY TNHH GROBEST INDUSTRIAL VIET NAM ,['>Shen Yen Ling<']
267,CONG TY CP DAU TU VA KINH DOANH NHA KHANG DIEN ,['>Vương Văn Minh<']
268,CONG TY CP MONDELEZ KINH DO VIET NAM ,['>Hemant Kumar Rupani<']
269,CONG TY CP NHUA THIEU NIEN TIEN PHONG ,['>Chu Văn Phương<']
270,TONG CONG TY MAY DONG LUC VA MAY NONG NGHIEP VIET NAM  CTCP ,['>Trần Ngọc H&#224;<']
271,CONG TY CP HUNG THINH INCONS ,['>Trần Tiến Thanh <']
272,CONG TY CP DINH DUONG NONG NGHIEP QUOC TE ,['>Phạm Trung L&#226;m<']
273,CONG TY CP DIEN LUC KHANH HOA ,['>Nguyễn Cao K&#253;<']
274,CONG TY TNHH THUONG MAI CARLSBERG VIET NAM ,['>Nathaniel Meredith Moxom<']
275,CONG TY CP CHUNG KHOAN SSI ,['>Nguyễn Hồng Nam<']
276,CONG TY CP THUONG MAI DICH VU CONG VANG ,['>Đ&#224;o Thế Vinh<']
277,CONG TY CP A DONG ADG ,['> Hồ Ho&#224;ng Bảo Vinh<']
278,CONG TY CP DAU TU VA THUONG MAI TNG ,['>Nguyễn Văn Thời<']
279,CONG TY TAI CHINH TNHH HD SAISON ,['>Nguyễn Hữu Nh&#226;n<']
280,CONG TY CP THUC PHAM SAO TA ,['>Phạm Ho&#224;ng Việt<']
281,CONG TY CP GIAO NHAN VAN TAI CON ONG ,['>Đinh Hữu Thạnh<']
282,CONG TY TNHH THUONG MAI  DICH VU TAN HIEP PHAT ,['>Trần Qu&#253; Thanh<']
283,TONG CONG TY CONG NGHIEP SAI GON  TNHH MTV ,['>Nguyễn Phương Đ&#244;ng<']
284,CONG TY CP DAY VA CAP DIEN THUONG DINH ,['>Phạm Lương H&#242;a<']
285,CONG TY CP DUOC HAU GIANG ,['> Đo&#224;n Đ&#236;nh Duy Khương<']
286,CONG TY TNHH NHA NUOC MTV XO SO KIEN THIET CAN THO ,['>Đỗ Thanh B&#236;nh<']
287,CONG TY TNHH TOTO VIET NAM ,['>Yamasaki Masao<']
288,CONG TY CP CAN THEP THAI TRUNG ,['>Trần Tuấn<']
289,CONG TY TNHH XUAN LOC THO  ,['>Trần Thị Thu H&#224;<']
290,CONG TY CP TAP DOAN PHUONG HOANG XANH AA ,['>Hồ Xu&#226;n Năng<']
291,CONG TY TNHH NHUA VA HOA CHAT TPC VINA ,['>Piyapong Jriasetapong<']
292,CONG TY CP TAP DOAN MAVIN ,['>Đ&#224;o Mạnh Lương<']
293,CONG TY CP THUONG NGHIEP CA MAU ,['>Nguyễn Thị Việt &#193;nh<']
294,NGAN HANG TMCP KIEN LONG ,['>Trần Tuấn Anh<']
295,CONG TY TNHH MTV TONG CONG TY 28 ,['>Đỗ Tuấn Anh<']
296,CONG TY CP TAP DOAN HUNG THINH ,['>Nguyễn Đ&#236;nh Trung<']
297,CONG TY CP THEP VIET Y ,['>Nguyễn Thanh H&#224;<']
298,CONG TY CP TAP DOAN IPC ,['>Ph&#237; Phong H&#224;<']
299,CONG TY CP AN TIEN INDUSTRIES ,['>Đặng Thị Quỳnh Phương<']
300,CONG TY CP TAP DOAN THEP TIEN LEN ,['>Phạm Thị Hồng<']
301,CONG TY CP ABC VIET NAM ,['>Nguyễn Thị Dịu<']
302,CONG TY CP DAU TU PHAN VU  ,['>B&#249;i Đức Th&#244;ng<']
303,TONG CONG TY MAY NHA BE  CTCP ,['>Phạm Ph&#250; Cường<']
304,CONG TY TNHH KET CAU THEP 568 ,['>Phạm Ngọc Lan<']
305,TONG CONG TY CP BAO MINH ,['>L&#234; Văn Th&#224;nh<']
306,NGAN HANG TNHH MTV STANDARD CHARTERED VIET NAM ,['>Louis Taylor<']
307,CONG TY TNHH PHAT TRIEN PHU MY HUNG ,['>Tseng Fan Chih<']
308,CONG TY CP CHUNG KHOAN VPS ,['>Nguyễn L&#226;m Dũng <']
309,CONG TY CP THUAN HAI ,['>Dương Thanh Hải<']
310,CONG TY TNHH THUONG MAI VA DICH VU THANH TIN ,['>Trần Thanh Nga<']
311,CONG TY TNHH BAO HIEM HANWHA LIFE VIET NAM ,['>Back Jong Kook<']
312,​​CONG TY CP PHAT TRIEN BAT DONG SAN PHAT DAT ,['>B&#249;i Quang Anh Vũ<']
313,CONG TY CP GO AN CUONG ,['>L&#234; Đức Nghĩa<']
314,CONG TY CP LICOGI 16 ,['>Tăng Quốc Thuộc<']
315,CONG TY CP MAY SONG HONG ,['>B&#249;i Đức Thịnh <']
316,CONG TY CP TAP DOAN SUNHOUSE ,['>Nguyễn Xu&#226;n Ph&#250;<']
317,NGAN HANG TNHH INDOVINA ,['>Liu Chun Hao<']
318,CONG TY TNHH THUC AN GIA SUC LAI THIEU ,['>Nguyễn Thị Kim Anh<']
319,CONG TY CP DAU TU TONG HOP HA NOI ,['>Nguyễn Đại Hải<']
320,CONG TY CP PHUC SINH ,['>Phan MinhTh&#244;ng<']
321,CONG TY TNHH CONG NGHIEP CHINH XAC VIET NAM 1 ,['>Chao Wen Hsiang<']
322,CONG TY CP THUC PHAM A CHAU ,['>Nguyễn Mạnh H&#224;<']
323,CONG TY CP CONG NGHE VA DICH VU IMEDIA ,['>Phạm Ngọc T&#250;<']
324,CONG TY TNHH TAP DOAN BIM  BIM GROUP ,['>Đo&#224;n Quốc Huy<']
325,CONG TY TNHH LOUIS DREYFUS COMMODITIES VIET NAM ,['>Eric Gerard Leleu<']
326,CONG TY CP TAP DOAN VITTO ,['>Nguyễn Xu&#226;n Quang<']
327,CONG TY CP CASPER VIET NAM ,['>Nguyễn Viết Chung <']
328,TONG CONG TY TRUYEN THONG VNPTMEDIA ,['>Dương Th&#224;nh Long<']
329,CONG TY SAN XUAT THEP UC SSE ,['>L&#226;m Văn H&#249;ng<']
330,CONG TY TNHH MTV XUAT NHAP KHAU 29 DAK LAK ,['>L&#234; Tiến H&#249;ng<']
331,CONG TY TNHH MTV XO SO KIEN THIET BAC LIEU ,['>Nguyễn Ngọc Thu&#253;<']
332,CONG TY TNHH SAN XUAT VA THUONG MAI MINH NGOC ,['>Đồng Tuấn Vũ<']
333,CONG TY CP THANH TOAN DIEN TU VNPT ,['>Kim Je Hee<']
334,CONG TY CP THUONG MAI DICH VU DAU KHI HAI PHAT ,['>Phạm Thị Thu T&#226;m<']
335,CONG TY TNHH BAO HIEM NHAN THO MB AGEAS ,['>Vũ Hồng Ph&#250;<']
336,CONG TY CP DATVIET VAC GROUP HOLDINGS ,['>Đinh B&#225; Th&#224;nh<']
337,CONG TY TNHH THUONG MAIDICH VUXUAT NHAP KHAU TUONG NGUYEN ,['>L&#234; Thị Hoa<']
338,CONG TY CP DAU TU NAM BAY BAY ,['>Lưu Hải Ca<']
339,CONG TY CP NHUA DONG NAI ,['>Nguyễn Văn Hiếu<']
340,CONG TY CP SAN XUAT KINH DOANH XUAT NHAP KHAU BINH THANH ,['>Nguyễn Gia Vinh<']
341,CONG TY CP DET MAY  DAU TU  THUONG MAI THANH CONG ,['>JUNG SUNG KWAN<']
342,CONG TY CP PIN AC QUY MIEN NAM ,['>Trần Thanh Văn<']
343,CONG TY CP GENTRACO ,['>Nguyễn Trung Ki&#234;n<']
344,TONG CONG TY MAY 10  CTCP ,['>Th&#226;n Đức Việt<']
345,CONG TY CP TRANSIMEX ,['>L&#234; Duy Hiệp<']
346,CONG TY TNHH MTV XO SO KIEN THIET SOC TRANG ,['>L&#234; Văn Khanh<']
347,CONG TY CP DICH VU  KY THUAT CO DIEN LANH REE ,['>Phạm C&#244;ng Ph&#225;p<']
348,CONG TY TNHH THUONG MAI XUAT NHAP KHAU VIET HAN ,['>Phạm Thị Yến<']
349,CONG TY CP DICH VU LAP DAT VAN HANH VA BAO DUONG CONG TRINH DAU KHI BIEN PTSC ,['>Dương H&#249;ng Văn<']
350,CONG TY CP DUOC PHAM THIET BI Y TE HA NOI ,['>Đinh Văn Đ&#244;ng <']
351,CONG TY CP TU VAN XAY DUNG DIEN 2 ,['>Nguyễn Chơn H&#249;ng<']
352,CONG TY CP NHUA CHAU AU ,['>Ho&#224;ng Quốc Huy<']
353,CONG TY CP MASCOPEX ,['>Ng&#244; Xu&#226;n Nam<']
354,CONG TY TNHH SAN XUAT BOT MY VIMAFLOUR ,['>Lim Pang Boon<']
355,CONG TY CP PHAT HANH SACH TP HO CHI MINH  FAHASA ,['>Phạm Minh Thuận<']
356,CONG TY CO PHAN TAP DOAN NOVA CONSUMER ,['>T&#244;n Thất Đề<']
357,CONG TY TNHH THEP KYOEI VIET NAM ,['>Fukunishi Hidekazu<']
358,CONG TY CP LEC GROUP ,['>Trần Đức Tu&#226;n<']
359,CONG TY CP CHUNG KHOAN KY THUONG ,['>Nguyễn Thị Thu Hiền<']
360,CONG TY CP THUONG MAI HIEP HUONG ,['>Trương C&#244;ng Hiệp<']
361,TONG CONG TY CP DET MAY HOA THO ,['>Nguyễn Đức Trị<']
362,CONG TY CP VAT TU HAU GIANG ,['>L&#234; Ho&#224;ng Nam<']
363,CONG TY CP VAT TU  TKV ,['>Tạ Quang Tuấn<']
364,CONG TY TNHH THUONG MAI VA SAN XUAT TUONG VIET ,['>Dương Tấn Trước<']
365,CONG TY TNHH GANG THEP TUYEN QUANG ,"['>Zhang, Qun (Trương Quần)<']"
366,CONG TY CP FECON ,['>Nguyễn Văn Thanh<']
367,CONG TY CP CONG NGHE ELITE ,['>Trần Ho&#224;i Phương Chi<']
368,TONG CONG TY CP DAU TU PHAT TRIEN XAY DUNG ,['>&#212;ng Ho&#224;ng Văn Tăng<']
369,CONG TY TNHH NHA NUOC MTV YEN SAO KHANH HOA ,['>Nguyễn Anh H&#249;ng<']
370,CONG TY TNHH MTV TONG CONG TY THAI SON ,['>Phạm Gặp<']
371,CONG TY CP THEP DONG NAM A ,['>Hồ Văn Phương<']
372,CONG TY CP UNIBEN ,['>Vũ Tiến Dũng<']
373,CONG TY TNHH THUONG MAI TONG HOP TUAN VIET ,['>L&#234; Thị Nữ<']
374,CONG TY CP NUOC  MOI TRUONG BINH DUONG ,['>Trần Chiến C&#244;ng<']
375,CONG TY TNHH PHAN PHOI TIEN TIEN ,['>Trương Quốc Ch&#237;<']
376,CONG TY TNHH PHAT TAI ,['>L&#234; Ph&#225;t Long<']
377,CONG TY CP DICH VU TRUC TUYEN CONG DONG VIET ,['>Ng&#244; Trung Lĩnh<']
378,CONG TY CP TAP DOAN DAT XANH ,['>B&#249;i Ngọc Đức<']
379,CONG TY CP THAIHOLDINGS ,['>Nguyễn Văn Dũng <']
380,CONG TY TNHH MTV THUC PHAM VA DAU TU FOCOCEV ,['>Đ&#224;o Qu&#253; Chung<']
381,CONG TY CP TAP DOAN DUC TUONG  ,['>Nguyễn Đức Tường <']
382,CONG TY CP DAU TU PHAT TRIEN CONG NGHIEP VA VAN TAI ,['>Nguyễn Thanh H&#249;ng<']
383,CONG TY CP DAU TU NAM LONG ,['>Trần Xu&#226;n Ngọc<']
384,CONG TY CP KET CAU THEP ATAD ,['>Nguyễn L&#234; Anh Tuấn<']
385,CONG TY CP DINH DUONG HONG HA ,['>Đỗ Đức Tiến<']
386,CONG TY CP XAY DUNG AN PHONG ,['>Nguyễn Khắc Phong<']
387,CONG TY TNHH DINH DUONG A CHAU VN ,['>Su Meng Chih<']
388,CONG TY CP BOT GIAT LIX ,['>L&#226;m Văn Kiệt<']
389,TONG CONG TY CP BAO HIEM PETROLIMEX ,['>Đ&#224;o Nam Hải<']
390,CONG TY CP DUOC PHAM TRUNG UONG CODUPHA ,['>B&#249;i Hữu Hiền<']
391,CONG TY CP CO KHI XAY DUNG AMECC ,['>Ng&#244; Quốc Thịnh\t<']
392,CONG TY CP SAN XUAT VA THUONG MAI PP ,['>Phan Thị Thu Hương<']
393,CONG TY CP VINACAFE BIEN HOA ,['>Đo&#224;n Quốc Hưng<']
394,CONG TY CP DAU TU  PHAT TRIEN CONG NGHE QUOC GIA ADG ,['>Đặng Vũ To&#224;n<']
395,CONG TY CP XUAT NHAP KHAU THIEN A ,['>Phan Thanh T&#249;ng<']
396,TONG CONG TY GAS PETROLIMEX  CTCP ,['>Vũ Hồng Kh&#225;nh<']
397,CONG TY CP TAP DOAN SEMEC ,['>L&#234; Sơn Long<']
398,TONG CONG TY CHAN NUOI VIET NAM  CTCP ,['>Trịnh Quốc Dũng<']
399,CONG TY CP VAT TU XANG DAU COMECO ,['>L&#234; Tấn Thương<']
400,CONG TY CP HUNG THINH LAND HUNG THINH LAND ,['>L&#234; Trọng Khương<']
401,CONG TY CP DONG HAI BEN TRE ,['>L&#234; B&#225; Phương<']
402,CONG TY CP THUONG MAI DAU KHI CUU LONG ,['>L&#234; Trung Nguy&#234;n Kh&#244;i<']
403,CONG TY CP TAP DOAN DAU KHI AN PHA ,['>Trần Minh Loan<']
404,CONG TY CP CONG NGHIEP VINH TUONG  ,['> Trần Đức Huy<']
405,CONG TY CP TAP DOAN DIEN LANH DIEN MAY VIET UC ,['>Nguyễn Th&#224;nh Phương<']
406,CONG TY CP GIONG BO SUA MOC CHAU ,['>Trần C&#244;ng Chiến<']
407,CONG TY CP EUROWINDOW ,['>Nguyễn Cảnh Hồng<']
408,TONG CONG TY 319 ,['>Nguyễn Minh Khi&#234;m<']
409,TONG CONG TY CONG NGHIEP DAU THUC VAT VIET NAM  CTCP ,['>Nguyễn Thị Xu&#226;n Liễu<']
410,TONG CONG TY VAT LIEU XAY DUNG SO 1  CTCP ,['>Nguyễn Quang Trung<']
411,CONG TY TNHH VINH HIEP  ,['>Th&#225;i Như Hiệp<']
412,CONG TY TNHH MTV APATIT VIET NAM ,['>Nguyễn Tiến Cường<']
413,CONG TY CP TAP DOAN THIEN LONG ,['> Nguyễn Đ&#236;nh T&#226;m<']
414,CONG TY CP THUY SAN SACH VIET NAM ,['>V&#245; Văn Phục<']
415,CONG TY CP RANG DONG HOLDING ,['>Hồ Đức Lam<']
416,CONG TY TNHH MTV DUOC SAI GON ,['>L&#234; Việt H&#249;ng<']
417,CONG TY TNHH LIEN DOANH ONG THEP SENDO ,['>Trương Văn Minh<']
418,CONG TY CP CAO SU PHUOC HOA ,['>Nguyễn Văn Tược<']
419,CONG TY CP TAP DOAN HOANG LONG ,['>Nguyễn Quốc Đạo<']
420,CONG TY CP BAMBOO CAPITAL ,['>Nguyễn Thế T&#224;i<']
421,CONG TY CP GEMADEPT ,['>Nguyễn Thanh B&#236;nh<']
422,CONG TY CP SAI GON FOOD ,['>Nguyễn Quang Tường<']
423,NGAN HANG TMCP XANG DAU PETROLIMEX ,['>Nguyễn Quang Định<']
424,CONG TY CP XAY DUNG HOP LUC ,['>Trần Ngọc T&#226;n<']
425,CONG TY CP VAT TU NONG SAN  ,['>Nguyễn Tiến Dũng<']
426,CONG TY TNHH DAU TU DIA OC THANH PHO ,['>B&#249;i Mạnh Hưng<']
427,CONG TY TNHH CO KHI XAY DUNG DST VIET NAM ,['>Nguyễn Mạnh H&#249;ng<']
428,CONG TY TNHH THUONG MAI VA CONG NGHIEP MY VIET ,['>Nguyễn Minh Tuấn<']
429,TONG CONG TY CP BAO HIEM QUAN DOI  ,['>&#212;ng U&#244;ng Đ&#244;ng Hưng- chủ tịch<']
430,CONG TY CP DAU TU VA XAY DUNG XUAN MAI ,['>Nguyễn Cao Thắng<']
431,CONG TY TNHH MTV BO SUA VIET NAM ,['>Trịnh Quốc Dũng<']
432,TONG CTCP THUONG MAI XAY DUNG ,['>V&#245; Nhật Thăng<']
433,CONG TY THUONG MAI DICH VU TRANG THI  ,['>Vũ Trọng Tuấn<']
434,CONG TY CP THEP VA VAT TU XAY DUNG ,['>Vũ Thị Năm<']
435,CONG TY TNHH MTV THUC AN THUY SAN MEKONG ,['>Đặng Ho&#224;ng Phương<']
436,CONG TY TNHH TRUYEN HINH CAP SAIGONTOURIST ,['>Trần Văn &#218;y<']
437,CONG TY TNHH THUONG MAI  DICH VU HAI SAU SAU ,['>Nguyễn Thị Hồng Hạnh<']
438,CONG TY CP KY THUAT SIGMA ,['>Nguyễn Quang Ngọc <']
439,CONG TY CP CO DIEN TRAN PHU ,['>Đặng Quốc Ch&#237;nh<']
440,CONG TY CP VINAFREIGHT ,['>Nguyễn Huy Diệu<']
441,CONG TY CP NHUA HUNG YEN ,['>Nguyễn Minh T&#226;n<']
442,CONG TY TNHH QUOC TE LIEN DOANH VINACONEX  TAISEI VINATA ,['>Seiichiro Kuwabara<']
443,CONG TY CP ONG DONG TOAN PHAT ,['>B&#249;i Hồng Ph&#250;c<']
444,CONG TY CP TU VAN VA XAY DUNG PHU XUAN ,['>Nguyễn Quốc Mến<']
445,TONG CONG TY THIET BI DIEN DONG ANH  CTCP ,['>Nguyễn Vũ Cường<']
446,CONG TY CP TAP DOAN TOJI ,['>Hồ Minh Tiến<']
447,CONG TY TNHH XAY DUNG TU LAP ,['>Nguyễn Văn Thỏa<']
448, TONG CONG TY DAU TU PHAT TRIEN HA TANG DO THI UDIC  CONG TY TNHH MTV ,['>Nguyễn Minh Quang<']
449,CONG TY TNHH XUAT NHAP KHAU VI NA DAI VIET ,['>Trần Vũ Quỳnh Như<']
450,CONG TY CP MEGRAM ,['>Đỗ Th&#224;nh Trung<']
451,CONG TY TNHH THIET BI DIEN LIOA ,['>Nguyễn Ch&#237; Linh<']
452,CONG TY CP LICOGI 13 ,['>Phạm Văn Thăng<']
453,CONG TY TNHH XUAT NHAP KHAU  THUONG MAI  CONG NGHE  DICH VU HUNG DUY ,['>L&#234; Minh Tr&#250;c<']
454,TONG CONG TY VAN TAI HA NOI ,['>Nguyễn Thanh Nam<']
455,CONG TY CP THUONG MAI CITICOM ,['>L&#234; Phụng Thắng<']
456,CONG TY TNHH HEWLETT  PACKARD VIET NAM ,['>Trần Thị Minh Thuận<']
457,CONG TY CP DAU TU THUONG MAI XNK VIET PHAT ,['>Nguyễn Xu&#226;n Trường<']
458,TONG CONG TY 36 ,['>Nguyễn Đăng Gi&#225;p<']
459,CONG TY TNHH MIWON VIET NAM  ,['>Shin Sangho<']
460,TONG CONG TY LICOGI CTCP ,['>Vũ Tiến Giao<']
461,CONG TY CP HAWEE CO DIEN ,['>Dương Xu&#226;n Đệ <']
462,CONG TY CP THUC PHAM CHOLIMEX ,['>Diệp Nam Hải<']
463,TONG CONG TY CO PHAN BAO HIEM SAI GON  HA NOI ,['>B&#249;i Trung Ki&#234;n<']
464,CONG TY CP DAU TU VAN PHU  INVEST  ,['>Triệu Hữu Đại<']
465,CONG TY CP DAU TU VA PHAT TRIEN BAT DONG SAN AN GIA ,['>Nguyễn B&#225; S&#225;ng<']
466,CONG TY CP THEP TOP PRO ,"['>Hong, Chung-Cheng<']"
467,CONG TY CP XAY DUNG PHUOC THANH ,['>Phạm Thị Thanh Hằng<']
468,CONG TY TNHH KINH DOANH LOP XE BRIDGESTONE VIET NAM ,['>Hiroyuki Saito<']
469,CONG TY CP ECOBA VIET NAM ,['>V&#245; Tiến Đạt<']
470,CONG TY CP CHUNG KHOAN TP HO CHI MINH ,['>Johan Nyvene<']
471,CONG TY TNHH THUONG MAI XAY DUNG VAN TAI THANH LONG ,['>Hồ Kiến Phong<']
472,CONG TY CP DONG TAU VA VAN TAI BIEN NAM PHAT ,['>Phạm Đắc Nam<']
473,TONG CONG TY HOA CHAT VA DICH VU DAU KHI  CTCP ,['>Phan C&#244;ng Th&#224;nh<']
474,CONG TY CP LUYEN KIM TAN NGUYEN HAI DUONG VIET NAM ,['>Hồ Dư Khang (Hu YuKang)<']
475,TONG CONG TY XAY DUNG HA NOI ,['>Đậu Văn Diện<']
476,CONG TY CP TAP DOAN VINACAM  ,['>Vũ Duy Hải<']
477,CONG TY CP CANG HAI PHONG ,['>Nguyễn Tường Anh<']
478,CONG TY CP DAU TU DU LICH VA PHAT TRIEN THUY SAN ,['>&#212;ng L&#234; Văn L&#226;m<']
479,CONG TY CP BAT DONG SAN THE KY ,['>Nguyễn Trung Vũ<']
480,CONG TY CP PHAT TRIEN HA TANG KY THUAT ,['>Đỗ Quang Ng&#244;n<']
481,TONG CONG TY CP BAO HIEM NGAN HANG DAU TU VA PHAT TRIEN VIET NAM ,['>Trần Ho&#224;i An<']
482,CONG TY CP NHUA BAO VAN ,['>Nguyễn Quốc Bảo<']
483,CONG TY CP TAP DOAN CIENCO4 ,['>Nguyễn Tuấn Huỳnh<']
484,CONG TY CP MAY TINH VINH XUAN  ,['>Ng&#244; Thị Kim Ng&#226;n<']
485,CONG TY CP KY NGHE THUC PHAM VIET NAM VIFON  ,['>L&#234; Thị &#193;nh Phương<']
486,CONG TY TNHH ROCHDALE SPEARS ,['>Ho&#224;ng Yến<']
487,CONG TY TNHH BACONCO ,"['>Siquet, Pierre Louis Bernard<']"
488,CONG TY CP DAT PHUONG ,['>Trần Anh Tuấn<']
489,CONG TY CP CHUNG KHOAN VNDIRECT ,['>Đỗ Ngọc Quỳnh<']
490,TONG CONG TY CP PHONG PHU ,['>Phạm Xu&#226;n Tr&#236;nh<']
491,CONG TY CP CONG NGHIEP NHUA PHU LAM ,['>Huang Cheng Hung<']
492,CONG TY CP DONG TAM ,['> Nguyễn Văn H&#249;ng<']
493,CONG TY CP DAU TU LBM ,['>Nguyễn Mạnh Bảo<']
494,CONG TY CP THUC PHAM AN LONG ,['>Huỳnh Tu&#226;n Phương Mai<']
495,CONG TY TNHH LIEN DOANH SAN XUAT OTO NGOI SAO ,['>Ryujiro Kobashi<']
496,CONG TY TNHH HUNG CA ,['>Trần Văn H&#249;ng<']
497,CONG TY CP SAM HOLDINGS ,['>Trần Việt Anh<']
498,TONG CONG TY GIAY VIET NAM  ,['>.<']
499,CONG TY CP HANACANS ,['>Hidetaka Makabe<']
